user_id,total_feature_events,unique_features_used,top_feature_used,used_in_last_7_days
U00001,6,4,Advanced_Filter,0
U00002,9,5,Advanced_Filter,0
U00003,10,2,Wishlist,0
U00004,2,2,Advanced_Filter,0
U00005,2,2,Notifications,0
U00006,2,2,Advanced_Filter,0
U00007,4,2,Search,0
U00008,2,2,Search,0
U00009,6,4,Wishlist,0
U00010,7,5,Advanced_Filter,0
U00011,4,4,Profile_Update,0
U00012,1,1,Notifications,0
U00013,10,4,Notifications,0
U00014,3,2,Search,0
U00016,9,5,Search,0
U00017,10,5,Advanced_Filter,0
U00018,6,4,Advanced_Filter,0
U00019,7,4,Search,0
U00020,1,1,Notifications,0
U00021,7,4,Wishlist,0
U00022,10,4,Search,0
U00024,9,4,Search,0
U00025,1,1,Search,0
U00027,3,3,Notifications,0
U00028,5,3,Wishlist,0
U00029,5,3,Profile_Update,1
U00030,1,1,Search,0
U00031,1,1,Search,0
U00033,8,5,Notifications,0
U00034,1,1,Profile_Update,0
U00035,9,5,Profile_Update,0
U00037,6,3,Advanced_Filter,0
U00038,2,2,Advanced_Filter,0
U00039,8,4,Notifications,0
U00041,10,4,Notifications,0
U00042,4,3,Profile_Update,0
U00043,1,1,Wishlist,0
U00044,6,5,Search,0
U00045,8,4,Advanced_Filter,0
U00046,4,3,Wishlist,0
U00047,2,2,Wishlist,0
U00048,9,5,Search,0
U00049,8,4,Search,0
U00050,6,3,Search,0
U00051,6,4,Advanced_Filter,0
U00052,8,4,Profile_Update,1
U00053,3,3,Notifications,0
U00054,8,5,Advanced_Filter,0
U00055,6,3,Search,0
U00056,3,3,Advanced_Filter,0
U00057,5,3,Wishlist,0
U00058,8,4,Advanced_Filter,0
U00059,4,3,Profile_Update,0
U00060,8,4,Profile_Update,0
U00061,8,4,Search,0
U00062,1,1,Notifications,0
U00063,4,4,Wishlist,0
U00064,2,2,Notifications,0
U00065,6,3,Wishlist,0
U00066,7,4,Wishlist,0
U00067,1,1,Search,0
U00068,2,2,Search,0
U00069,4,3,Wishlist,0
U00070,9,3,Profile_Update,0
U00071,3,3,Advanced_Filter,0
U00072,3,3,Wishlist,0
U00073,6,4,Wishlist,0
U00074,10,4,Notifications,0
U00075,1,1,Wishlist,0
U00076,5,4,Profile_Update,1
U00078,2,2,Profile_Update,0
U00079,10,4,Advanced_Filter,0
U00080,6,3,Search,0
U00081,3,3,Profile_Update,0
U00082,5,3,Notifications,0
U00083,1,1,Wishlist,0
U00084,1,1,Advanced_Filter,0
U00085,3,2,Profile_Update,0
U00086,10,5,Advanced_Filter,0
U00087,5,3,Notifications,0
U00088,10,4,Advanced_Filter,0
U00089,9,3,Wishlist,0
U00091,10,4,Notifications,0
U00092,1,1,Wishlist,0
U00093,5,3,Profile_Update,0
U00094,3,3,Search,0
U00095,1,1,Notifications,0
U00098,9,5,Wishlist,0
U00099,3,2,Wishlist,0
U00100,7,4,Advanced_Filter,0
U00101,6,4,Advanced_Filter,0
U00102,8,5,Profile_Update,0
U00103,3,2,Search,0
U00104,5,3,Search,0
U00105,4,3,Profile_Update,1
U00106,10,4,Notifications,1
U00107,4,4,Advanced_Filter,0
U00108,10,5,Advanced_Filter,0
U00109,9,3,Search,0
U00110,3,3,Notifications,0
U00111,3,3,Wishlist,0
U00112,5,4,Advanced_Filter,0
U00113,6,4,Search,0
U00114,8,4,Wishlist,0
U00115,3,3,Notifications,0
U00116,9,4,Advanced_Filter,0
U00117,5,2,Notifications,0
U00118,2,2,Wishlist,0
U00119,6,2,Wishlist,0
U00120,3,3,Notifications,0
U00121,6,4,Advanced_Filter,0
U00122,1,1,Wishlist,0
U00123,5,3,Wishlist,0
U00124,5,5,Notifications,0
U00125,9,4,Notifications,0
U00126,5,4,Notifications,0
U00128,7,4,Profile_Update,0
U00129,7,4,Notifications,0
U00130,9,4,Search,0
U00131,8,4,Profile_Update,0
U00132,1,1,Notifications,0
U00134,9,5,Profile_Update,0
U00135,5,3,Notifications,0
U00136,7,4,Advanced_Filter,0
U00137,3,3,Notifications,0
U00138,8,4,Advanced_Filter,0
U00139,7,4,Notifications,0
U00140,4,2,Profile_Update,0
U00141,2,2,Advanced_Filter,0
U00142,6,3,Profile_Update,0
U00143,6,4,Profile_Update,0
U00144,8,5,Profile_Update,0
U00145,9,5,Search,0
U00146,7,5,Search,0
U00147,9,3,Notifications,0
U00148,6,4,Search,0
U00149,6,4,Wishlist,0
U00150,6,3,Search,0
U00151,2,2,Wishlist,0
U00152,5,4,Profile_Update,0
U00153,8,4,Notifications,1
U00154,1,1,Search,0
U00155,9,4,Advanced_Filter,0
U00156,1,1,Wishlist,0
U00157,7,4,Wishlist,0
U00158,9,5,Notifications,0
U00159,4,3,Profile_Update,0
U00160,8,5,Advanced_Filter,0
U00161,1,1,Wishlist,0
U00162,8,4,Advanced_Filter,0
U00163,8,5,Search,0
U00164,1,1,Search,0
U00165,1,1,Search,0
U00166,5,3,Wishlist,0
U00167,9,4,Advanced_Filter,0
U00168,6,4,Notifications,0
U00169,6,4,Advanced_Filter,1
U00170,10,4,Advanced_Filter,0
U00171,8,5,Profile_Update,0
U00172,4,3,Wishlist,0
U00173,7,4,Wishlist,0
U00174,10,4,Notifications,0
U00175,2,2,Advanced_Filter,0
U00176,4,3,Advanced_Filter,0
U00177,7,4,Search,0
U00178,9,4,Advanced_Filter,0
U00179,9,4,Notifications,0
U00180,6,3,Advanced_Filter,0
U00181,5,3,Advanced_Filter,0
U00182,9,5,Wishlist,0
U00184,7,4,Advanced_Filter,0
U00185,8,5,Notifications,0
U00187,1,1,Notifications,0
U00189,8,4,Search,0
U00190,9,4,Search,1
U00191,2,2,Advanced_Filter,0
U00192,10,4,Wishlist,0
U00194,10,5,Search,0
U00195,8,5,Profile_Update,0
U00196,3,3,Profile_Update,0
U00197,1,1,Search,0
U00198,10,5,Search,0
U00199,6,4,Notifications,0
U00200,2,2,Wishlist,0
U00201,8,3,Profile_Update,0
U00202,7,3,Notifications,0
U00203,6,3,Search,1
U00204,1,1,Wishlist,0
U00205,7,3,Advanced_Filter,0
U00206,10,5,Advanced_Filter,0
U00207,7,4,Advanced_Filter,0
U00208,4,3,Wishlist,0
U00210,10,4,Notifications,0
U00211,1,1,Advanced_Filter,0
U00212,2,2,Advanced_Filter,0
U00214,9,5,Profile_Update,0
U00215,2,1,Advanced_Filter,0
U00216,8,5,Advanced_Filter,0
U00217,8,4,Wishlist,0
U00218,10,4,Profile_Update,0
U00219,4,4,Notifications,0
U00220,10,4,Notifications,0
U00221,5,4,Profile_Update,0
U00222,3,2,Notifications,0
U00223,4,4,Notifications,0
U00224,4,3,Wishlist,0
U00225,5,4,Wishlist,0
U00226,10,5,Profile_Update,0
U00227,3,3,Search,0
U00228,7,4,Notifications,0
U00229,7,3,Advanced_Filter,0
U00230,5,2,Search,0
U00231,6,4,Wishlist,0
U00232,8,3,Profile_Update,0
U00233,8,3,Wishlist,1
U00235,10,4,Notifications,0
U00236,2,2,Advanced_Filter,0
U00237,6,3,Search,0
U00238,8,4,Search,0
U00240,2,1,Profile_Update,0
U00241,5,4,Profile_Update,0
U00242,3,3,Advanced_Filter,0
U00243,10,3,Notifications,0
U00244,4,3,Advanced_Filter,0
U00246,5,3,Advanced_Filter,0
U00247,2,2,Search,0
U00248,6,3,Notifications,0
U00249,2,2,Search,0
U00250,9,5,Notifications,0
U00251,8,4,Wishlist,0
U00252,10,4,Notifications,0
U00253,7,3,Search,1
U00254,4,3,Advanced_Filter,0
U00255,9,4,Notifications,0
U00257,5,3,Search,0
U00258,6,5,Search,0
U00260,10,5,Profile_Update,0
U00261,2,2,Notifications,0
U00262,6,3,Wishlist,0
U00263,2,1,Advanced_Filter,0
U00265,2,2,Notifications,0
U00266,4,3,Advanced_Filter,0
U00267,3,2,Search,0
U00268,5,3,Wishlist,0
U00269,9,3,Notifications,0
U00270,10,4,Wishlist,0
U00271,4,3,Profile_Update,0
U00272,6,4,Advanced_Filter,0
U00273,5,4,Wishlist,0
U00274,10,4,Notifications,0
U00275,10,5,Search,0
U00276,1,1,Wishlist,0
U00277,3,2,Notifications,0
U00278,7,4,Notifications,0
U00279,8,3,Wishlist,0
U00280,1,1,Profile_Update,0
U00281,10,4,Profile_Update,0
U00282,5,3,Search,0
U00283,1,1,Profile_Update,0
U00284,9,4,Wishlist,0
U00285,1,1,Wishlist,0
U00287,9,4,Wishlist,0
U00288,2,2,Wishlist,0
U00289,1,1,Advanced_Filter,0
U00291,3,2,Profile_Update,0
U00292,4,2,Wishlist,0
U00293,7,4,Advanced_Filter,0
U00294,2,2,Wishlist,0
U00295,10,4,Advanced_Filter,0
U00296,1,1,Wishlist,0
U00297,6,5,Profile_Update,0
U00298,8,5,Notifications,0
U00299,8,5,Profile_Update,0
U00300,4,3,Notifications,0
U00301,8,5,Notifications,0
U00302,5,3,Notifications,0
U00303,9,5,Notifications,0
U00304,3,3,Search,0
U00305,9,5,Profile_Update,0
U00306,7,4,Search,0
U00309,10,4,Search,0
U00310,7,5,Advanced_Filter,0
U00311,4,2,Wishlist,0
U00312,9,4,Wishlist,0
U00313,3,1,Profile_Update,0
U00314,7,4,Wishlist,0
U00315,8,5,Advanced_Filter,0
U00316,8,4,Wishlist,0
U00317,4,3,Profile_Update,0
U00318,5,3,Advanced_Filter,0
U00319,7,3,Advanced_Filter,0
U00320,4,2,Wishlist,0
U00321,1,1,Wishlist,0
U00322,4,3,Advanced_Filter,0
U00323,2,2,Search,0
U00324,7,4,Notifications,0
U00325,9,4,Wishlist,0
U00326,3,2,Notifications,0
U00327,9,5,Profile_Update,0
U00328,10,5,Profile_Update,0
U00329,7,4,Notifications,0
U00330,4,4,Search,0
U00331,5,4,Notifications,0
U00332,7,4,Advanced_Filter,0
U00333,9,5,Search,0
U00334,7,4,Profile_Update,0
U00335,4,3,Profile_Update,0
U00336,3,3,Profile_Update,0
U00337,2,1,Wishlist,0
U00338,7,3,Search,0
U00340,6,4,Search,0
U00341,1,1,Notifications,0
U00342,1,1,Profile_Update,0
U00343,8,3,Advanced_Filter,0
U00344,5,3,Search,0
U00346,10,5,Profile_Update,0
U00347,10,5,Notifications,0
U00348,9,4,Profile_Update,0
U00349,7,4,Profile_Update,0
U00350,1,1,Search,0
U00351,10,4,Notifications,0
U00352,10,4,Advanced_Filter,0
U00353,10,3,Advanced_Filter,1
U00354,5,4,Notifications,0
U00355,2,2,Advanced_Filter,0
U00356,5,3,Wishlist,0
U00357,5,3,Profile_Update,0
U00358,2,2,Wishlist,0
U00359,4,2,Profile_Update,0
U00360,5,4,Notifications,0
U00363,7,5,Profile_Update,0
U00364,9,5,Notifications,0
U00365,7,3,Search,0
U00366,1,1,Advanced_Filter,0
U00367,2,1,Advanced_Filter,0
U00369,2,2,Wishlist,0
U00370,2,2,Wishlist,0
U00371,9,5,Wishlist,0
U00372,6,4,Search,0
U00373,9,4,Notifications,0
U00374,10,5,Search,0
U00375,1,1,Notifications,0
U00376,6,2,Profile_Update,0
U00377,8,4,Advanced_Filter,0
U00378,9,4,Profile_Update,1
U00379,2,2,Advanced_Filter,0
U00381,9,3,Advanced_Filter,0
U00382,7,5,Advanced_Filter,1
U00383,9,3,Notifications,0
U00384,6,3,Advanced_Filter,0
U00385,2,2,Search,0
U00386,8,5,Notifications,0
U00387,2,2,Wishlist,0
U00388,2,2,Wishlist,0
U00389,5,3,Profile_Update,0
U00390,9,4,Advanced_Filter,0
U00391,1,1,Notifications,0
U00392,8,4,Wishlist,0
U00393,2,2,Search,0
U00394,5,3,Search,0
U00395,9,5,Notifications,0
U00396,3,2,Advanced_Filter,0
U00398,10,4,Search,0
U00399,3,2,Advanced_Filter,0
U00400,10,4,Search,1
U00401,10,4,Notifications,0
U00402,5,3,Notifications,0
U00403,4,3,Notifications,0
U00404,5,3,Wishlist,0
U00405,5,4,Notifications,0
U00406,6,4,Search,0
U00407,7,3,Wishlist,0
U00408,5,4,Profile_Update,0
U00411,1,1,Advanced_Filter,0
U00412,8,4,Profile_Update,0
U00413,10,5,Wishlist,0
U00414,9,3,Wishlist,0
U00415,9,5,Advanced_Filter,1
U00416,10,5,Profile_Update,0
U00418,10,5,Notifications,0
U00419,10,5,Notifications,0
U00420,7,4,Notifications,0
U00421,8,5,Advanced_Filter,0
U00422,3,3,Wishlist,0
U00424,2,1,Search,0
U00425,6,4,Profile_Update,0
U00426,10,5,Wishlist,0
U00427,7,3,Search,0
U00428,10,4,Wishlist,0
U00429,1,1,Advanced_Filter,0
U00430,10,4,Advanced_Filter,0
U00431,9,5,Advanced_Filter,0
U00432,3,3,Wishlist,0
U00433,8,3,Wishlist,0
U00434,7,3,Wishlist,0
U00435,6,4,Wishlist,0
U00436,8,4,Wishlist,0
U00437,6,3,Notifications,0
U00438,1,1,Search,0
U00439,7,4,Advanced_Filter,0
U00440,3,3,Advanced_Filter,1
U00441,1,1,Notifications,0
U00442,1,1,Profile_Update,0
U00443,10,5,Notifications,0
U00444,6,4,Profile_Update,0
U00445,2,1,Notifications,0
U00446,4,2,Notifications,0
U00447,3,3,Advanced_Filter,0
U00448,5,3,Search,0
U00449,4,3,Profile_Update,0
U00450,10,5,Wishlist,0
U00451,8,4,Profile_Update,0
U00452,3,2,Search,0
U00453,4,4,Profile_Update,0
U00454,5,4,Profile_Update,0
U00455,3,2,Profile_Update,0
U00456,9,5,Notifications,0
U00457,5,3,Wishlist,0
U00458,9,5,Profile_Update,0
U00459,2,2,Advanced_Filter,0
U00460,10,5,Advanced_Filter,0
U00461,10,4,Search,0
U00462,8,5,Search,0
U00463,7,4,Advanced_Filter,0
U00464,4,3,Search,1
U00465,10,5,Profile_Update,0
U00466,8,4,Search,0
U00467,5,2,Advanced_Filter,0
U00468,9,4,Profile_Update,0
U00469,10,5,Search,0
U00470,2,1,Advanced_Filter,0
U00471,9,5,Advanced_Filter,0
U00473,7,3,Advanced_Filter,0
U00474,8,3,Advanced_Filter,0
U00475,9,4,Search,0
U00476,1,1,Notifications,0
U00477,7,4,Notifications,0
U00478,7,4,Wishlist,0
U00479,1,1,Search,0
U00480,6,4,Advanced_Filter,0
U00481,6,4,Search,0
U00482,5,3,Notifications,0
U00483,7,4,Wishlist,0
U00484,4,3,Profile_Update,1
U00485,2,2,Wishlist,0
U00486,9,4,Search,0
U00487,9,4,Notifications,0
U00488,1,1,Profile_Update,0
U00489,1,1,Profile_Update,0
U00490,9,4,Wishlist,0
U00491,1,1,Profile_Update,0
U00492,9,4,Advanced_Filter,0
U00494,5,3,Notifications,0
U00495,5,4,Search,0
U00497,7,3,Advanced_Filter,0
U00498,9,4,Profile_Update,0
U00499,7,4,Notifications,0
U00500,8,5,Wishlist,0
U00501,3,2,Profile_Update,0
U00502,6,4,Wishlist,0
U00503,8,4,Advanced_Filter,0
U00504,10,4,Notifications,0
U00506,8,4,Search,0
U00508,9,4,Notifications,0
U00509,6,5,Advanced_Filter,0
U00511,7,4,Profile_Update,0
U00512,5,4,Notifications,0
U00513,1,1,Profile_Update,0
U00514,4,3,Search,0
U00515,3,3,Search,0
U00517,8,5,Notifications,0
U00518,8,4,Wishlist,0
U00519,6,2,Notifications,0
U00520,9,4,Advanced_Filter,0
U00521,10,5,Profile_Update,0
U00522,6,3,Wishlist,0
U00523,4,4,Advanced_Filter,1
U00525,10,5,Advanced_Filter,0
U00526,5,3,Notifications,1
U00527,6,2,Advanced_Filter,0
U00528,1,1,Advanced_Filter,0
U00529,7,4,Wishlist,0
U00530,1,1,Advanced_Filter,0
U00531,4,2,Wishlist,0
U00532,8,5,Search,1
U00533,3,2,Wishlist,1
U00534,8,4,Wishlist,1
U00535,8,4,Search,0
U00536,2,2,Advanced_Filter,0
U00537,3,3,Advanced_Filter,0
U00538,6,4,Advanced_Filter,0
U00539,2,2,Advanced_Filter,1
U00540,10,4,Profile_Update,0
U00541,8,5,Wishlist,0
U00542,4,3,Profile_Update,0
U00543,7,4,Profile_Update,0
U00544,6,3,Profile_Update,0
U00545,7,4,Profile_Update,0
U00546,4,3,Advanced_Filter,0
U00547,2,2,Notifications,0
U00548,4,3,Advanced_Filter,0
U00549,3,2,Advanced_Filter,0
U00550,6,5,Search,0
U00551,7,4,Notifications,0
U00552,9,4,Advanced_Filter,0
U00553,7,2,Profile_Update,0
U00554,7,5,Notifications,0
U00555,7,4,Search,0
U00556,3,2,Wishlist,0
U00557,9,5,Profile_Update,0
U00558,8,3,Advanced_Filter,0
U00559,7,4,Search,0
U00560,9,4,Advanced_Filter,0
U00562,6,2,Notifications,0
U00563,3,2,Profile_Update,0
U00564,7,4,Notifications,0
U00565,6,3,Advanced_Filter,0
U00566,3,3,Wishlist,0
U00567,4,2,Search,0
U00568,6,5,Wishlist,0
U00569,4,3,Wishlist,1
U00570,6,3,Profile_Update,0
U00571,7,4,Search,0
U00572,9,5,Wishlist,1
U00573,10,4,Search,0
U00574,5,4,Wishlist,0
U00575,10,4,Wishlist,0
U00576,1,1,Wishlist,0
U00577,4,3,Search,1
U00578,7,4,Search,0
U00579,9,4,Profile_Update,0
U00580,5,3,Notifications,0
U00581,8,5,Wishlist,0
U00582,10,3,Search,0
U00583,4,2,Search,0
U00584,4,3,Search,0
U00585,8,5,Search,0
U00586,10,4,Notifications,0
U00587,8,3,Wishlist,0
U00588,2,1,Profile_Update,0
U00589,2,2,Advanced_Filter,0
U00590,1,1,Notifications,0
U00591,9,4,Profile_Update,0
U00592,1,1,Notifications,0
U00593,5,4,Advanced_Filter,0
U00594,4,3,Notifications,0
U00595,6,3,Search,0
U00596,3,3,Advanced_Filter,0
U00597,6,4,Notifications,0
U00598,4,3,Notifications,0
U00599,6,5,Wishlist,0
U00600,7,4,Notifications,0
U00601,6,4,Profile_Update,0
U00602,6,3,Profile_Update,0
U00603,2,2,Search,0
U00604,8,3,Profile_Update,0
U00605,3,2,Search,0
U00606,6,4,Advanced_Filter,0
U00607,4,2,Search,0
U00608,4,2,Advanced_Filter,0
U00609,4,3,Wishlist,0
U00610,3,2,Notifications,0
U00611,4,2,Profile_Update,0
U00612,5,3,Notifications,0
U00613,3,2,Advanced_Filter,0
U00614,1,1,Notifications,0
U00615,8,4,Notifications,0
U00616,2,2,Notifications,0
U00617,9,3,Wishlist,0
U00618,9,3,Search,0
U00619,9,5,Advanced_Filter,0
U00620,1,1,Search,0
U00621,1,1,Advanced_Filter,0
U00622,5,4,Wishlist,0
U00623,1,1,Profile_Update,0
U00624,2,2,Search,0
U00625,6,4,Notifications,0
U00626,9,4,Wishlist,0
U00629,1,1,Advanced_Filter,0
U00630,8,4,Notifications,0
U00631,3,2,Search,0
U00632,8,4,Profile_Update,0
U00633,6,5,Advanced_Filter,0
U00634,2,2,Profile_Update,0
U00635,3,3,Notifications,0
U00636,1,1,Search,0
U00637,4,4,Advanced_Filter,0
U00638,2,2,Advanced_Filter,0
U00639,8,5,Wishlist,0
U00642,2,2,Wishlist,0
U00643,4,2,Profile_Update,0
U00644,9,5,Wishlist,0
U00645,9,4,Search,0
U00646,8,5,Search,0
U00647,8,5,Wishlist,0
U00648,2,1,Wishlist,0
U00649,2,2,Search,0
U00650,9,5,Notifications,0
U00651,2,2,Search,0
U00652,8,4,Search,0
U00653,6,2,Notifications,0
U00654,9,4,Notifications,0
U00655,3,2,Wishlist,0
U00656,10,5,Search,0
U00658,9,4,Search,0
U00659,9,4,Search,0
U00660,9,4,Search,0
U00661,4,2,Advanced_Filter,0
U00662,6,5,Wishlist,0
U00663,1,1,Advanced_Filter,0
U00664,1,1,Search,0
U00666,9,5,Profile_Update,0
U00667,6,3,Wishlist,0
U00668,2,2,Wishlist,0
U00671,2,2,Search,0
U00672,5,3,Notifications,0
U00673,4,3,Profile_Update,0
U00674,1,1,Profile_Update,0
U00675,2,2,Wishlist,0
U00677,4,3,Profile_Update,0
U00678,2,2,Search,0
U00681,4,2,Wishlist,0
U00682,1,1,Search,0
U00683,8,5,Profile_Update,0
U00685,3,3,Advanced_Filter,0
U00686,1,1,Advanced_Filter,0
U00687,6,5,Wishlist,0
U00688,6,3,Notifications,0
U00689,9,4,Profile_Update,0
U00690,4,3,Profile_Update,0
U00691,4,3,Profile_Update,0
U00692,10,5,Wishlist,1
U00693,7,4,Wishlist,0
U00694,8,4,Profile_Update,0
U00695,6,5,Profile_Update,0
U00696,7,4,Search,0
U00697,8,4,Notifications,0
U00698,1,1,Notifications,0
U00699,6,3,Profile_Update,0
U00700,10,4,Advanced_Filter,0
U00701,3,2,Profile_Update,0
U00702,1,1,Wishlist,0
U00703,3,2,Wishlist,0
U00704,8,3,Advanced_Filter,0
U00705,7,4,Profile_Update,0
U00706,3,3,Notifications,0
U00707,8,4,Advanced_Filter,0
U00708,10,5,Advanced_Filter,0
U00709,10,5,Search,0
U00710,2,1,Advanced_Filter,0
U00711,3,3,Notifications,0
U00712,7,2,Search,0
U00713,8,3,Profile_Update,0
U00714,6,4,Wishlist,0
U00715,10,5,Search,0
U00717,10,5,Wishlist,0
U00718,6,3,Advanced_Filter,0
U00719,3,2,Wishlist,0
U00720,4,2,Search,0
U00721,8,3,Profile_Update,0
U00722,3,1,Advanced_Filter,0
U00723,6,4,Profile_Update,0
U00724,8,4,Profile_Update,0
U00725,10,5,Wishlist,1
U00726,10,4,Wishlist,0
U00727,9,3,Advanced_Filter,0
U00728,4,4,Notifications,0
U00729,3,3,Advanced_Filter,0
U00730,4,4,Notifications,0
U00731,10,4,Wishlist,0
U00732,5,4,Advanced_Filter,0
U00733,7,4,Profile_Update,0
U00734,5,4,Wishlist,0
U00735,9,5,Search,0
U00736,5,2,Search,0
U00737,1,1,Notifications,0
U00738,5,4,Profile_Update,0
U00739,8,5,Advanced_Filter,0
U00740,7,3,Notifications,0
U00741,7,4,Profile_Update,0
U00742,1,1,Search,0
U00743,2,2,Wishlist,0
U00744,3,2,Advanced_Filter,0
U00745,6,4,Notifications,0
U00746,3,2,Notifications,1
U00747,2,2,Advanced_Filter,0
U00748,1,1,Search,0
U00749,1,1,Wishlist,0
U00750,3,3,Profile_Update,0
U00751,8,4,Profile_Update,0
U00752,9,5,Profile_Update,0
U00753,2,2,Notifications,0
U00754,3,1,Wishlist,0
U00755,5,4,Advanced_Filter,0
U00756,6,4,Profile_Update,0
U00757,4,2,Notifications,0
U00758,7,3,Search,0
U00759,7,3,Advanced_Filter,0
U00760,5,3,Wishlist,0
U00761,5,4,Search,0
U00762,6,4,Profile_Update,0
U00763,9,4,Notifications,0
U00765,6,5,Advanced_Filter,1
U00767,2,2,Wishlist,0
U00768,6,4,Search,0
U00769,9,3,Advanced_Filter,1
U00770,4,4,Search,0
U00771,10,5,Advanced_Filter,0
U00772,9,5,Advanced_Filter,0
U00773,9,4,Wishlist,0
U00774,5,3,Search,0
U00775,1,1,Notifications,0
U00776,8,5,Wishlist,0
U00777,3,2,Notifications,1
U00778,10,5,Wishlist,0
U00780,8,4,Search,0
U00781,1,1,Advanced_Filter,0
U00782,7,3,Profile_Update,0
U00783,5,4,Wishlist,0
U00785,3,3,Notifications,0
U00786,1,1,Wishlist,0
U00787,10,5,Advanced_Filter,0
U00788,2,2,Advanced_Filter,0
U00790,2,2,Wishlist,0
U00791,4,2,Wishlist,0
U00792,3,3,Notifications,0
U00793,9,4,Wishlist,0
U00794,8,5,Advanced_Filter,0
U00795,6,4,Profile_Update,0
U00796,4,3,Wishlist,1
U00797,4,4,Notifications,0
U00798,5,4,Notifications,0
U00799,10,4,Profile_Update,0
U00800,5,4,Wishlist,0
U00801,9,5,Profile_Update,0
U00802,9,5,Advanced_Filter,0
U00804,10,4,Wishlist,1
U00805,4,4,Notifications,0
U00806,1,1,Profile_Update,0
U00807,1,1,Search,0
U00809,6,4,Notifications,0
U00810,2,2,Wishlist,0
U00811,8,5,Notifications,1
U00812,7,4,Advanced_Filter,0
U00814,2,2,Wishlist,0
U00815,6,3,Advanced_Filter,1
U00816,4,2,Wishlist,0
U00817,5,3,Search,0
U00818,6,3,Notifications,0
U00819,2,2,Profile_Update,0
U00821,10,5,Notifications,0
U00822,9,5,Search,0
U00823,10,4,Notifications,1
U00824,1,1,Wishlist,0
U00825,9,4,Notifications,0
U00826,9,4,Notifications,0
U00827,6,3,Advanced_Filter,0
U00828,5,3,Wishlist,0
U00829,6,5,Notifications,0
U00830,9,4,Notifications,0
U00831,1,1,Advanced_Filter,0
U00832,8,4,Profile_Update,0
U00834,3,3,Profile_Update,0
U00835,9,4,Notifications,0
U00836,10,4,Notifications,0
U00837,1,1,Profile_Update,0
U00838,5,4,Wishlist,1
U00839,8,5,Advanced_Filter,0
U00840,2,1,Search,0
U00842,1,1,Advanced_Filter,0
U00844,10,5,Notifications,0
U00845,9,3,Profile_Update,0
U00846,2,1,Notifications,0
U00848,4,4,Advanced_Filter,0
U00850,6,4,Wishlist,0
U00851,9,4,Wishlist,0
U00852,2,2,Notifications,0
U00853,4,2,Advanced_Filter,0
U00854,2,2,Advanced_Filter,0
U00855,10,5,Advanced_Filter,0
U00856,8,5,Advanced_Filter,0
U00857,1,1,Notifications,0
U00858,8,4,Search,0
U00859,10,4,Wishlist,0
U00860,2,2,Advanced_Filter,0
U00861,9,4,Profile_Update,0
U00862,2,1,Profile_Update,0
U00863,5,3,Advanced_Filter,0
U00865,8,3,Search,0
U00866,5,5,Advanced_Filter,0
U00867,10,5,Wishlist,0
U00868,5,3,Advanced_Filter,0
U00869,2,2,Advanced_Filter,0
U00870,8,4,Advanced_Filter,0
U00871,8,4,Wishlist,0
U00875,2,2,Search,0
U00876,6,3,Search,0
U00877,7,3,Advanced_Filter,0
U00878,10,5,Profile_Update,0
U00879,7,4,Advanced_Filter,0
U00880,1,1,Wishlist,1
U00882,1,1,Search,0
U00883,8,5,Advanced_Filter,0
U00884,3,3,Profile_Update,0
U00885,7,4,Search,0
U00886,6,5,Search,0
U00887,9,4,Advanced_Filter,0
U00888,2,2,Profile_Update,1
U00890,4,3,Search,1
U00891,5,2,Advanced_Filter,0
U00892,7,4,Search,0
U00893,6,3,Advanced_Filter,0
U00894,1,1,Advanced_Filter,0
U00896,7,4,Search,0
U00897,4,3,Wishlist,0
U00899,6,3,Wishlist,0
U00900,1,1,Profile_Update,0
U00902,7,4,Wishlist,0
U00904,7,5,Profile_Update,0
U00905,3,3,Notifications,0
U00906,10,5,Profile_Update,0
U00907,1,1,Notifications,0
U00908,10,5,Notifications,0
U00909,4,3,Wishlist,0
U00910,8,4,Notifications,0
U00911,4,3,Profile_Update,0
U00912,8,4,Advanced_Filter,0
U00913,4,3,Search,0
U00914,4,3,Search,0
U00915,8,4,Profile_Update,0
U00916,5,2,Wishlist,0
U00917,5,3,Search,0
U00918,10,4,Wishlist,0
U00920,7,5,Notifications,0
U00921,6,4,Search,0
U00922,2,2,Search,0
U00923,9,5,Notifications,1
U00925,3,2,Profile_Update,0
U00926,6,3,Notifications,0
U00927,9,5,Advanced_Filter,0
U00928,10,4,Search,0
U00929,6,4,Notifications,0
U00930,3,3,Wishlist,0
U00931,7,3,Search,0
U00932,2,2,Advanced_Filter,0
U00934,2,2,Profile_Update,0
U00935,4,3,Notifications,0
U00936,8,3,Profile_Update,0
U00937,9,5,Notifications,0
U00938,7,4,Profile_Update,0
U00939,3,2,Profile_Update,0
U00940,9,4,Advanced_Filter,0
U00941,9,4,Wishlist,0
U00942,10,5,Notifications,0
U00943,4,4,Wishlist,0
U00944,3,3,Search,0
U00945,9,3,Advanced_Filter,0
U00946,6,4,Wishlist,0
U00947,6,4,Wishlist,0
U00948,2,2,Search,0
U00949,7,5,Search,0
U00950,3,2,Wishlist,0
U00951,10,5,Profile_Update,0
U00952,8,4,Advanced_Filter,0
U00953,8,4,Search,0
U00954,6,4,Wishlist,0
U00957,1,1,Notifications,0
U00958,7,3,Notifications,0
U00959,3,2,Search,0
U00961,5,2,Profile_Update,0
U00963,6,5,Wishlist,1
U00964,2,2,Advanced_Filter,0
U00965,5,3,Advanced_Filter,0
U00966,7,4,Advanced_Filter,0
U00967,6,3,Advanced_Filter,0
U00968,1,1,Search,0
U00969,6,5,Search,0
U00970,2,2,Notifications,0
U00971,10,4,Advanced_Filter,0
U00972,5,3,Search,0
U00973,3,2,Search,0
U00974,7,3,Profile_Update,0
U00975,5,4,Advanced_Filter,1
U00976,1,1,Wishlist,0
U00977,3,2,Profile_Update,0
U00979,8,4,Profile_Update,0
U00980,9,5,Search,0
U00981,9,4,Notifications,0
U00983,3,3,Search,0
U00984,2,1,Wishlist,0
U00985,6,4,Notifications,0
U00986,7,5,Notifications,0
U00987,5,4,Profile_Update,0
U00988,3,3,Notifications,0
U00989,8,4,Notifications,0
U00990,8,5,Search,0
U00991,8,4,Wishlist,0
U00992,8,4,Wishlist,0
U00994,5,5,Search,0
U00995,4,3,Wishlist,0
U00996,8,5,Search,0
U00997,5,4,Wishlist,0
U00998,9,5,Profile_Update,0
U00999,10,5,Profile_Update,0
U01000,1,1,Advanced_Filter,0
U01001,9,5,Profile_Update,0
U01002,6,3,Advanced_Filter,0
U01003,4,3,Wishlist,0
U01004,8,4,Advanced_Filter,0
U01005,4,4,Profile_Update,0
U01006,2,2,Wishlist,0
U01007,10,5,Search,0
U01008,9,5,Wishlist,1
U01009,2,2,Notifications,0
U01010,10,4,Advanced_Filter,0
U01011,2,2,Notifications,0
U01013,3,1,Wishlist,0
U01014,1,1,Search,0
U01015,10,4,Search,0
U01016,4,2,Wishlist,0
U01017,1,1,Search,0
U01018,10,5,Notifications,1
U01019,9,4,Notifications,0
U01020,7,4,Advanced_Filter,0
U01021,2,2,Search,0
U01022,8,4,Notifications,0
U01023,7,4,Search,0
U01024,1,1,Notifications,0
U01025,2,2,Search,0
U01026,3,3,Notifications,0
U01027,9,4,Advanced_Filter,1
U01028,4,4,Search,0
U01030,7,5,Wishlist,0
U01031,2,2,Search,0
U01033,9,4,Wishlist,0
U01034,9,5,Profile_Update,0
U01035,2,2,Notifications,0
U01036,2,1,Advanced_Filter,0
U01037,5,3,Profile_Update,0
U01038,4,2,Advanced_Filter,0
U01039,3,2,Profile_Update,0
U01040,1,1,Advanced_Filter,0
U01042,8,4,Search,0
U01043,7,5,Advanced_Filter,0
U01044,5,4,Wishlist,0
U01045,4,2,Notifications,0
U01046,10,4,Wishlist,0
U01047,7,4,Advanced_Filter,0
U01048,2,1,Profile_Update,0
U01049,6,4,Profile_Update,0
U01050,6,4,Search,0
U01051,4,3,Profile_Update,0
U01053,7,4,Search,1
U01054,7,5,Wishlist,0
U01055,7,3,Profile_Update,1
U01056,5,2,Wishlist,0
U01057,8,4,Profile_Update,0
U01058,1,1,Advanced_Filter,0
U01060,10,4,Notifications,0
U01062,2,2,Profile_Update,0
U01063,10,5,Advanced_Filter,0
U01064,9,4,Advanced_Filter,0
U01065,6,3,Wishlist,0
U01066,8,5,Profile_Update,0
U01067,1,1,Profile_Update,0
U01068,10,5,Wishlist,0
U01070,7,4,Notifications,0
U01071,9,5,Profile_Update,0
U01072,8,3,Advanced_Filter,0
U01073,9,4,Notifications,0
U01075,3,2,Advanced_Filter,0
U01076,3,2,Notifications,0
U01077,3,3,Profile_Update,0
U01078,9,5,Search,0
U01079,3,2,Advanced_Filter,0
U01080,6,3,Search,0
U01081,1,1,Search,0
U01083,1,1,Wishlist,0
U01084,2,1,Search,0
U01085,10,5,Advanced_Filter,0
U01087,9,4,Notifications,0
U01088,4,4,Profile_Update,0
U01089,4,4,Wishlist,0
U01090,2,2,Profile_Update,0
U01091,5,4,Advanced_Filter,0
U01092,8,4,Profile_Update,0
U01093,3,2,Advanced_Filter,0
U01094,8,4,Advanced_Filter,0
U01095,3,2,Notifications,0
U01096,3,2,Notifications,0
U01097,2,1,Advanced_Filter,0
U01098,7,5,Search,0
U01099,1,1,Advanced_Filter,0
U01100,3,2,Profile_Update,0
U01101,1,1,Search,0
U01102,6,4,Profile_Update,0
U01103,5,4,Wishlist,0
U01104,5,2,Profile_Update,0
U01105,8,4,Profile_Update,0
U01106,4,4,Advanced_Filter,0
U01107,10,5,Notifications,0
U01108,3,2,Search,0
U01109,5,4,Wishlist,0
U01110,8,4,Notifications,0
U01112,8,5,Profile_Update,0
U01113,3,3,Notifications,0
U01114,3,3,Search,1
U01115,4,2,Advanced_Filter,0
U01116,2,1,Notifications,0
U01117,5,4,Profile_Update,0
U01118,3,3,Profile_Update,0
U01119,8,4,Wishlist,1
U01121,1,1,Notifications,0
U01122,5,4,Notifications,0
U01123,1,1,Notifications,0
U01124,2,1,Wishlist,0
U01125,4,2,Profile_Update,0
U01127,5,4,Notifications,0
U01128,8,4,Advanced_Filter,0
U01129,6,4,Search,0
U01130,9,4,Search,0
U01131,8,5,Wishlist,0
U01132,5,4,Profile_Update,0
U01133,5,4,Profile_Update,0
U01134,9,4,Wishlist,0
U01135,1,1,Advanced_Filter,0
U01137,6,5,Advanced_Filter,1
U01138,10,5,Profile_Update,0
U01139,7,4,Wishlist,0
U01140,7,4,Profile_Update,0
U01141,8,4,Notifications,0
U01142,4,3,Wishlist,0
U01143,5,5,Advanced_Filter,0
U01144,6,4,Profile_Update,0
U01145,8,4,Wishlist,0
U01146,3,3,Wishlist,0
U01147,10,4,Search,0
U01149,7,3,Wishlist,0
U01150,6,3,Notifications,1
U01151,10,4,Wishlist,0
U01152,8,3,Profile_Update,0
U01153,7,3,Wishlist,1
U01154,4,3,Notifications,0
U01155,3,3,Profile_Update,0
U01156,6,4,Advanced_Filter,0
U01157,7,4,Wishlist,0
U01158,7,4,Notifications,0
U01159,3,3,Notifications,0
U01160,4,3,Advanced_Filter,0
U01161,2,2,Wishlist,0
U01162,2,1,Advanced_Filter,0
U01164,1,1,Profile_Update,0
U01165,5,4,Wishlist,0
U01166,5,4,Notifications,0
U01167,6,3,Advanced_Filter,0
U01168,9,5,Notifications,0
U01169,7,5,Wishlist,0
U01172,10,4,Profile_Update,0
U01173,9,5,Profile_Update,0
U01174,3,3,Wishlist,0
U01175,10,4,Profile_Update,0
U01176,3,2,Advanced_Filter,0
U01177,4,3,Wishlist,0
U01178,5,4,Notifications,0
U01179,1,1,Search,0
U01180,8,4,Search,0
U01181,6,3,Search,0
U01182,10,5,Wishlist,0
U01183,3,2,Wishlist,0
U01184,10,4,Advanced_Filter,0
U01185,5,4,Search,0
U01186,3,2,Advanced_Filter,0
U01188,6,3,Profile_Update,1
U01189,1,1,Search,0
U01190,4,3,Profile_Update,0
U01191,1,1,Wishlist,0
U01192,6,4,Profile_Update,0
U01193,2,2,Wishlist,0
U01194,9,4,Advanced_Filter,0
U01195,1,1,Advanced_Filter,0
U01196,8,3,Profile_Update,0
U01197,6,4,Notifications,1
U01199,2,2,Profile_Update,0
U01200,10,5,Wishlist,0
U01201,5,3,Search,0
U01202,10,5,Search,1
U01203,2,1,Wishlist,0
U01205,2,2,Wishlist,0
U01206,2,2,Advanced_Filter,0
U01207,3,3,Notifications,0
U01208,6,3,Advanced_Filter,0
U01210,10,4,Profile_Update,0
U01211,8,5,Profile_Update,0
U01212,8,5,Search,0
U01214,9,5,Wishlist,0
U01215,9,4,Profile_Update,0
U01216,3,3,Profile_Update,0
U01218,6,4,Wishlist,1
U01219,1,1,Search,0
U01220,4,3,Advanced_Filter,0
U01221,10,5,Wishlist,0
U01222,1,1,Search,0
U01223,9,4,Profile_Update,0
U01224,9,4,Wishlist,0
U01225,1,1,Wishlist,0
U01226,6,3,Wishlist,1
U01227,3,2,Profile_Update,0
U01228,2,2,Search,0
U01229,7,4,Profile_Update,0
U01230,7,5,Advanced_Filter,0
U01231,8,5,Advanced_Filter,0
U01233,4,3,Advanced_Filter,0
U01234,9,5,Search,0
U01235,6,4,Advanced_Filter,0
U01236,8,4,Notifications,0
U01238,3,2,Search,0
U01239,4,3,Wishlist,0
U01240,4,3,Search,0
U01241,1,1,Wishlist,0
U01242,1,1,Advanced_Filter,0
U01243,9,4,Profile_Update,0
U01244,6,3,Profile_Update,0
U01245,10,4,Wishlist,0
U01246,2,2,Advanced_Filter,0
U01248,10,4,Search,0
U01249,5,4,Notifications,0
U01251,2,2,Notifications,0
U01252,4,2,Wishlist,0
U01253,1,1,Wishlist,0
U01254,9,4,Wishlist,0
U01255,3,3,Search,0
U01256,9,5,Notifications,0
U01257,10,5,Search,1
U01258,10,4,Profile_Update,0
U01259,1,1,Notifications,0
U01260,3,3,Notifications,0
U01261,4,3,Profile_Update,0
U01262,10,3,Wishlist,0
U01263,10,3,Search,0
U01264,5,4,Notifications,0
U01265,2,2,Notifications,0
U01266,3,3,Notifications,0
U01267,4,3,Notifications,0
U01268,3,2,Advanced_Filter,0
U01270,7,4,Search,0
U01271,4,2,Advanced_Filter,0
U01272,1,1,Wishlist,0
U01273,8,3,Advanced_Filter,0
U01274,6,4,Search,0
U01275,4,3,Notifications,0
U01276,6,3,Wishlist,0
U01277,9,5,Search,0
U01278,10,4,Search,0
U01279,6,3,Search,0
U01280,1,1,Profile_Update,0
U01281,1,1,Wishlist,0
U01282,6,4,Search,1
U01283,2,2,Wishlist,0
U01284,8,5,Notifications,1
U01285,5,3,Profile_Update,0
U01286,1,1,Profile_Update,0
U01287,3,2,Advanced_Filter,0
U01288,6,5,Search,0
U01289,2,2,Profile_Update,0
U01290,5,3,Search,0
U01292,5,3,Profile_Update,0
U01293,8,5,Search,0
U01294,3,3,Profile_Update,0
U01295,5,3,Advanced_Filter,0
U01296,5,3,Profile_Update,1
U01297,3,3,Profile_Update,0
U01299,6,4,Profile_Update,1
U01300,5,4,Notifications,0
U01301,3,3,Advanced_Filter,0
U01302,10,5,Notifications,0
U01303,9,5,Notifications,0
U01304,5,3,Search,0
U01305,10,4,Profile_Update,0
U01306,10,4,Wishlist,0
U01307,10,5,Notifications,0
U01308,4,3,Notifications,1
U01309,6,4,Advanced_Filter,0
U01310,2,2,Profile_Update,0
U01312,3,3,Search,0
U01313,7,5,Search,0
U01314,8,5,Wishlist,0
U01315,7,3,Advanced_Filter,0
U01316,2,1,Profile_Update,0
U01317,7,4,Profile_Update,0
U01318,8,5,Wishlist,0
U01319,4,3,Wishlist,0
U01320,2,2,Notifications,0
U01321,3,2,Profile_Update,0
U01322,9,5,Advanced_Filter,0
U01324,9,4,Profile_Update,0
U01325,1,1,Search,0
U01326,9,5,Wishlist,0
U01327,7,4,Search,0
U01328,2,2,Advanced_Filter,0
U01329,3,3,Profile_Update,1
U01330,5,3,Notifications,0
U01331,2,2,Notifications,0
U01332,4,2,Notifications,0
U01333,1,1,Advanced_Filter,0
U01334,2,2,Advanced_Filter,0
U01335,3,3,Search,0
U01336,4,2,Advanced_Filter,0
U01337,4,3,Advanced_Filter,0
U01338,8,4,Profile_Update,0
U01339,7,3,Search,0
U01340,9,4,Wishlist,0
U01341,4,4,Advanced_Filter,0
U01342,2,2,Search,0
U01346,8,4,Profile_Update,0
U01347,6,3,Notifications,0
U01348,7,3,Search,0
U01349,10,5,Wishlist,0
U01350,7,3,Advanced_Filter,1
U01351,6,4,Wishlist,0
U01352,5,3,Advanced_Filter,0
U01354,8,4,Wishlist,0
U01355,3,3,Wishlist,0
U01356,10,5,Advanced_Filter,0
U01357,5,4,Advanced_Filter,0
U01358,6,3,Search,0
U01359,2,1,Advanced_Filter,0
U01361,3,3,Search,0
U01362,1,1,Search,0
U01363,4,3,Profile_Update,0
U01364,1,1,Advanced_Filter,0
U01365,6,4,Notifications,0
U01366,9,5,Notifications,1
U01367,4,3,Notifications,0
U01368,1,1,Notifications,0
U01369,7,3,Search,0
U01370,8,5,Profile_Update,0
U01371,1,1,Profile_Update,0
U01372,7,4,Search,0
U01373,7,4,Advanced_Filter,0
U01374,2,2,Notifications,1
U01375,9,5,Wishlist,0
U01377,9,5,Wishlist,0
U01378,4,3,Notifications,0
U01379,1,1,Search,0
U01380,8,4,Notifications,0
U01381,8,4,Wishlist,1
U01383,10,5,Profile_Update,0
U01384,8,4,Search,0
U01385,8,5,Search,0
U01387,6,3,Wishlist,0
U01388,3,2,Wishlist,0
U01389,7,4,Profile_Update,0
U01391,10,5,Advanced_Filter,0
U01392,4,2,Wishlist,0
U01394,9,5,Notifications,0
U01396,1,1,Advanced_Filter,0
U01397,10,4,Wishlist,0
U01398,6,3,Wishlist,0
U01399,7,5,Advanced_Filter,0
U01400,10,5,Profile_Update,0
U01401,9,4,Advanced_Filter,0
U01402,3,3,Search,0
U01403,5,3,Advanced_Filter,0
U01404,4,3,Search,0
U01405,3,2,Notifications,0
U01406,10,5,Advanced_Filter,0
U01407,9,5,Search,0
U01408,1,1,Advanced_Filter,0
U01409,7,3,Advanced_Filter,0
U01410,9,4,Search,0
U01411,8,4,Notifications,0
U01412,9,3,Profile_Update,1
U01413,9,4,Profile_Update,0
U01414,8,5,Profile_Update,0
U01415,3,2,Search,0
U01416,8,5,Profile_Update,0
U01417,10,5,Profile_Update,0
U01419,10,4,Profile_Update,0
U01420,6,5,Search,0
U01421,1,1,Notifications,0
U01422,4,3,Advanced_Filter,0
U01423,3,1,Wishlist,0
U01425,3,2,Profile_Update,0
U01426,4,3,Notifications,0
U01427,1,1,Wishlist,0
U01428,8,4,Notifications,1
U01429,2,2,Notifications,0
U01430,4,3,Profile_Update,0
U01431,5,3,Search,0
U01433,1,1,Profile_Update,0
U01434,3,1,Wishlist,0
U01435,5,3,Advanced_Filter,0
U01436,4,3,Search,0
U01437,1,1,Notifications,0
U01438,4,3,Notifications,0
U01439,8,4,Wishlist,0
U01440,2,2,Search,0
U01441,9,5,Advanced_Filter,0
U01442,9,4,Notifications,0
U01443,5,4,Advanced_Filter,0
U01444,7,4,Notifications,1
U01445,5,4,Notifications,0
U01446,3,3,Notifications,0
U01447,2,2,Search,0
U01448,1,1,Notifications,0
U01449,10,5,Search,0
U01450,7,4,Notifications,0
U01451,10,4,Wishlist,1
U01452,7,5,Advanced_Filter,0
U01453,7,4,Profile_Update,0
U01454,8,5,Wishlist,0
U01455,6,3,Advanced_Filter,0
U01456,4,2,Notifications,0
U01457,10,4,Search,0
U01459,2,2,Profile_Update,0
U01460,2,2,Wishlist,0
U01462,8,4,Profile_Update,0
U01463,6,3,Profile_Update,0
U01464,4,2,Profile_Update,0
U01465,1,1,Profile_Update,0
U01466,7,4,Wishlist,0
U01467,6,5,Advanced_Filter,0
U01468,9,3,Advanced_Filter,0
U01471,2,2,Advanced_Filter,0
U01472,3,2,Profile_Update,0
U01473,8,3,Profile_Update,0
U01474,1,1,Notifications,0
U01475,7,4,Advanced_Filter,0
U01476,1,1,Profile_Update,0
U01477,1,1,Wishlist,0
U01479,10,4,Notifications,1
U01480,9,4,Wishlist,0
U01481,6,4,Notifications,0
U01482,2,1,Search,0
U01483,3,3,Profile_Update,0
U01484,3,2,Advanced_Filter,0
U01487,4,4,Wishlist,0
U01488,7,4,Wishlist,0
U01489,2,2,Search,0
U01490,9,5,Profile_Update,1
U01491,1,1,Advanced_Filter,0
U01492,9,5,Advanced_Filter,0
U01493,6,3,Notifications,0
U01495,4,3,Advanced_Filter,0
U01496,6,4,Wishlist,0
U01497,9,4,Advanced_Filter,0
U01498,5,4,Profile_Update,0
U01499,9,4,Advanced_Filter,0
U01500,5,4,Wishlist,0
U01501,3,3,Wishlist,0
U01502,1,1,Search,0
U01503,4,4,Advanced_Filter,0
U01504,4,4,Search,0
U01505,10,5,Notifications,0
U01506,7,4,Profile_Update,0
U01507,9,5,Advanced_Filter,0
U01508,5,4,Search,0
U01509,6,3,Notifications,0
U01510,4,3,Search,0
U01511,5,2,Profile_Update,0
U01512,7,5,Profile_Update,0
U01514,5,3,Advanced_Filter,0
U01515,7,3,Notifications,0
U01516,9,4,Wishlist,0
U01518,4,3,Notifications,0
U01519,5,3,Search,0
U01521,1,1,Profile_Update,0
U01522,9,4,Wishlist,1
U01523,1,1,Search,0
U01524,10,5,Profile_Update,0
U01525,7,4,Notifications,0
U01526,7,5,Search,0
U01527,9,3,Advanced_Filter,0
U01528,7,4,Notifications,0
U01529,8,4,Advanced_Filter,0
U01530,8,5,Profile_Update,0
U01531,6,3,Profile_Update,0
U01532,3,3,Wishlist,0
U01533,4,3,Advanced_Filter,0
U01534,7,3,Profile_Update,0
U01535,3,2,Notifications,0
U01536,5,3,Notifications,0
U01537,7,4,Search,0
U01538,7,5,Wishlist,0
U01539,10,4,Wishlist,0
U01541,8,3,Wishlist,0
U01542,5,3,Notifications,0
U01543,10,5,Notifications,0
U01544,9,5,Notifications,0
U01545,6,3,Wishlist,0
U01546,1,1,Notifications,0
U01547,7,4,Notifications,0
U01548,7,4,Advanced_Filter,0
U01549,9,4,Wishlist,0
U01550,4,2,Wishlist,0
U01551,2,2,Notifications,0
U01552,10,4,Search,0
U01554,5,4,Advanced_Filter,1
U01555,6,3,Advanced_Filter,0
U01556,3,3,Profile_Update,0
U01557,7,3,Advanced_Filter,0
U01558,4,2,Search,0
U01559,9,5,Advanced_Filter,0
U01560,8,4,Notifications,0
U01561,6,3,Advanced_Filter,0
U01562,1,1,Wishlist,0
U01563,5,4,Profile_Update,1
U01564,6,2,Advanced_Filter,0
U01565,9,5,Profile_Update,1
U01566,3,3,Wishlist,0
U01567,3,3,Wishlist,0
U01568,5,1,Search,0
U01569,6,4,Profile_Update,0
U01570,1,1,Advanced_Filter,0
U01571,9,5,Notifications,0
U01572,1,1,Notifications,0
U01573,6,5,Wishlist,0
U01574,1,1,Wishlist,0
U01575,9,3,Profile_Update,0
U01576,2,2,Search,0
U01579,9,5,Advanced_Filter,0
U01580,6,3,Search,1
U01581,1,1,Advanced_Filter,0
U01583,1,1,Notifications,0
U01584,2,2,Notifications,0
U01585,2,1,Wishlist,0
U01586,1,1,Wishlist,0
U01587,10,4,Search,0
U01588,9,4,Profile_Update,0
U01589,1,1,Search,0
U01590,8,4,Search,0
U01591,2,2,Profile_Update,0
U01592,4,3,Wishlist,0
U01593,10,4,Wishlist,0
U01594,3,3,Notifications,0
U01595,2,2,Profile_Update,0
U01597,1,1,Search,0
U01599,5,4,Search,0
U01600,5,4,Search,0
U01601,4,4,Notifications,1
U01602,3,3,Profile_Update,0
U01603,3,1,Notifications,0
U01604,8,5,Profile_Update,0
U01605,10,4,Wishlist,0
U01607,10,4,Wishlist,0
U01608,8,3,Wishlist,0
U01610,2,2,Notifications,0
U01611,4,3,Search,1
U01612,10,5,Profile_Update,0
U01613,8,4,Wishlist,0
U01614,1,1,Search,0
U01615,6,4,Profile_Update,0
U01616,4,4,Profile_Update,0
U01617,1,1,Advanced_Filter,0
U01618,2,2,Wishlist,0
U01619,4,4,Notifications,0
U01620,2,2,Advanced_Filter,0
U01621,5,3,Search,0
U01622,3,2,Wishlist,0
U01623,1,1,Notifications,0
U01624,8,5,Search,0
U01625,5,4,Advanced_Filter,0
U01626,6,4,Advanced_Filter,0
U01627,8,5,Profile_Update,0
U01628,7,4,Wishlist,0
U01629,5,4,Advanced_Filter,0
U01630,9,5,Wishlist,0
U01631,3,3,Advanced_Filter,0
U01632,1,1,Wishlist,0
U01634,6,4,Search,0
U01635,5,4,Profile_Update,0
U01636,8,4,Wishlist,0
U01637,4,3,Advanced_Filter,0
U01638,4,4,Advanced_Filter,0
U01639,9,4,Profile_Update,0
U01640,2,2,Search,0
U01641,5,3,Advanced_Filter,0
U01642,8,5,Notifications,0
U01643,3,3,Notifications,0
U01644,7,5,Profile_Update,0
U01645,10,5,Search,0
U01646,1,1,Advanced_Filter,0
U01647,9,4,Profile_Update,0
U01648,8,4,Wishlist,0
U01649,5,3,Notifications,0
U01650,9,3,Profile_Update,1
U01652,10,5,Advanced_Filter,0
U01653,2,2,Profile_Update,0
U01654,10,4,Advanced_Filter,0
U01656,3,2,Advanced_Filter,0
U01658,10,4,Wishlist,0
U01659,8,4,Wishlist,1
U01660,6,4,Notifications,0
U01662,9,3,Profile_Update,0
U01663,8,5,Notifications,0
U01664,5,3,Advanced_Filter,0
U01667,1,1,Notifications,0
U01668,5,4,Advanced_Filter,1
U01669,2,2,Profile_Update,0
U01670,10,4,Search,0
U01672,6,2,Profile_Update,0
U01673,8,5,Advanced_Filter,0
U01674,4,4,Advanced_Filter,0
U01675,4,3,Search,0
U01676,2,2,Advanced_Filter,0
U01677,3,3,Advanced_Filter,0
U01678,6,4,Notifications,0
U01679,8,4,Advanced_Filter,0
U01680,3,3,Profile_Update,1
U01681,5,3,Advanced_Filter,0
U01682,10,4,Advanced_Filter,0
U01683,1,1,Advanced_Filter,0
U01684,2,2,Notifications,0
U01685,1,1,Search,0
U01686,4,2,Wishlist,0
U01687,6,3,Profile_Update,0
U01688,7,3,Profile_Update,0
U01689,5,4,Search,0
U01690,10,4,Advanced_Filter,0
U01691,2,1,Profile_Update,0
U01692,4,2,Search,0
U01693,2,2,Search,0
U01694,8,5,Advanced_Filter,0
U01695,9,5,Wishlist,1
U01696,7,4,Wishlist,0
U01698,9,3,Profile_Update,0
U01699,8,4,Advanced_Filter,0
U01701,10,5,Notifications,0
U01702,8,3,Profile_Update,0
U01703,9,4,Search,0
U01704,5,5,Wishlist,0
U01705,7,3,Advanced_Filter,0
U01706,9,4,Wishlist,0
U01707,7,5,Search,0
U01708,8,5,Profile_Update,0
U01709,10,4,Search,0
U01710,4,2,Profile_Update,0
U01711,1,1,Profile_Update,0
U01713,1,1,Wishlist,0
U01714,6,5,Notifications,0
U01715,4,3,Wishlist,0
U01717,10,4,Search,0
U01718,1,1,Notifications,0
U01719,4,2,Notifications,0
U01720,9,4,Wishlist,0
U01721,6,2,Notifications,0
U01723,4,2,Notifications,0
U01724,10,5,Profile_Update,0
U01726,5,4,Notifications,0
U01727,8,3,Profile_Update,0
U01728,7,3,Profile_Update,0
U01729,4,3,Profile_Update,0
U01730,10,4,Notifications,0
U01731,7,4,Notifications,0
U01733,4,3,Notifications,0
U01735,3,2,Wishlist,0
U01736,8,5,Advanced_Filter,0
U01737,3,3,Notifications,0
U01738,1,1,Wishlist,0
U01739,2,2,Wishlist,0
U01740,3,3,Profile_Update,0
U01741,5,3,Search,0
U01742,3,3,Wishlist,0
U01743,7,5,Profile_Update,0
U01744,2,2,Search,0
U01746,9,5,Profile_Update,0
U01748,7,4,Search,0
U01749,3,3,Profile_Update,0
U01750,2,2,Search,0
U01751,6,4,Notifications,0
U01752,3,3,Search,0
U01753,9,5,Wishlist,0
U01754,6,3,Advanced_Filter,0
U01755,7,4,Advanced_Filter,0
U01756,3,3,Wishlist,0
U01757,6,3,Wishlist,0
U01758,2,2,Notifications,0
U01759,9,3,Profile_Update,0
U01761,1,1,Profile_Update,0
U01762,10,4,Profile_Update,0
U01763,3,2,Advanced_Filter,0
U01764,5,5,Notifications,0
U01765,4,3,Search,0
U01766,1,1,Notifications,0
U01767,3,2,Wishlist,0
U01768,9,5,Profile_Update,0
U01769,1,1,Notifications,0
U01770,3,3,Profile_Update,0
U01771,1,1,Profile_Update,0
U01772,2,2,Notifications,0
U01774,10,3,Search,0
U01775,10,5,Wishlist,0
U01776,10,5,Wishlist,0
U01777,9,5,Advanced_Filter,0
U01778,1,1,Advanced_Filter,0
U01779,4,1,Profile_Update,0
U01780,1,1,Advanced_Filter,0
U01781,3,2,Wishlist,0
U01782,1,1,Profile_Update,0
U01783,1,1,Search,0
U01784,4,3,Wishlist,0
U01785,6,3,Advanced_Filter,1
U01786,10,5,Profile_Update,0
U01788,10,4,Advanced_Filter,0
U01790,8,3,Search,0
U01791,6,4,Advanced_Filter,1
U01792,1,1,Wishlist,0
U01793,10,5,Search,0
U01794,5,4,Profile_Update,0
U01795,10,5,Notifications,0
U01796,8,4,Wishlist,0
U01797,9,4,Profile_Update,0
U01798,4,3,Search,0
U01799,10,5,Profile_Update,0
U01800,8,4,Notifications,0
U01801,6,4,Wishlist,0
U01802,3,3,Search,1
U01803,4,3,Profile_Update,0
U01804,4,3,Search,0
U01805,9,4,Search,0
U01806,3,2,Wishlist,0
U01807,8,4,Notifications,0
U01808,1,1,Profile_Update,0
U01809,6,4,Advanced_Filter,0
U01810,10,4,Profile_Update,0
U01811,8,3,Search,0
U01812,8,5,Wishlist,0
U01813,2,1,Advanced_Filter,0
U01814,2,2,Search,0
U01815,1,1,Notifications,0
U01817,10,3,Wishlist,0
U01818,9,5,Advanced_Filter,0
U01819,10,5,Search,0
U01820,8,4,Wishlist,0
U01821,1,1,Advanced_Filter,0
U01822,4,4,Search,0
U01823,8,5,Advanced_Filter,0
U01825,6,4,Advanced_Filter,0
U01827,8,4,Notifications,0
U01828,10,5,Search,0
U01830,6,3,Advanced_Filter,0
U01831,2,1,Search,0
U01832,8,4,Wishlist,0
U01833,3,3,Search,0
U01834,4,3,Notifications,0
U01835,3,2,Notifications,0
U01836,9,3,Search,1
U01837,4,3,Search,0
U01838,7,3,Wishlist,0
U01839,9,4,Notifications,0
U01840,3,2,Search,0
U01841,1,1,Profile_Update,0
U01842,5,4,Advanced_Filter,0
U01843,10,5,Search,0
U01844,9,4,Search,0
U01845,4,2,Notifications,0
U01846,8,4,Advanced_Filter,0
U01847,4,3,Wishlist,0
U01848,6,3,Search,0
U01849,2,1,Profile_Update,0
U01850,1,1,Wishlist,0
U01851,6,3,Notifications,1
U01852,1,1,Notifications,0
U01853,5,4,Profile_Update,0
U01854,6,3,Profile_Update,0
U01855,7,3,Search,0
U01857,3,3,Wishlist,0
U01858,1,1,Advanced_Filter,0
U01859,6,2,Advanced_Filter,0
U01860,10,5,Profile_Update,1
U01861,1,1,Search,0
U01862,2,2,Wishlist,0
U01863,4,2,Wishlist,0
U01864,4,3,Profile_Update,0
U01865,6,4,Advanced_Filter,0
U01866,2,2,Wishlist,0
U01867,3,2,Search,0
U01868,10,5,Advanced_Filter,0
U01869,2,2,Search,0
U01870,9,4,Wishlist,0
U01871,1,1,Search,0
U01872,9,4,Advanced_Filter,0
U01873,5,2,Profile_Update,0
U01874,5,3,Wishlist,1
U01875,2,1,Wishlist,0
U01876,8,4,Search,0
U01877,3,3,Notifications,0
U01878,1,1,Notifications,0
U01879,1,1,Notifications,0
U01880,8,5,Search,0
U01881,6,3,Search,0
U01882,5,2,Search,0
U01883,10,4,Search,0
U01884,6,4,Wishlist,0
U01885,1,1,Wishlist,0
U01887,9,5,Advanced_Filter,0
U01888,8,4,Notifications,0
U01889,7,4,Profile_Update,0
U01890,8,4,Wishlist,0
U01891,4,4,Advanced_Filter,0
U01892,5,3,Search,0
U01893,1,1,Profile_Update,0
U01894,6,4,Notifications,0
U01895,8,4,Search,0
U01896,8,3,Advanced_Filter,0
U01897,6,4,Advanced_Filter,0
U01898,1,1,Wishlist,0
U01899,1,1,Notifications,0
U01900,6,3,Profile_Update,0
U01901,3,2,Wishlist,0
U01902,1,1,Advanced_Filter,0
U01903,9,5,Advanced_Filter,1
U01904,10,5,Advanced_Filter,0
U01905,2,2,Profile_Update,0
U01906,10,4,Notifications,0
U01907,4,3,Wishlist,0
U01908,1,1,Advanced_Filter,0
U01909,2,2,Wishlist,0
U01910,4,2,Advanced_Filter,0
U01911,10,5,Wishlist,0
U01912,4,4,Advanced_Filter,0
U01913,6,4,Search,0
U01914,10,5,Wishlist,0
U01915,9,5,Profile_Update,0
U01916,1,1,Notifications,0
U01917,9,5,Profile_Update,1
U01918,1,1,Advanced_Filter,0
U01919,4,3,Search,0
U01920,7,4,Search,0
U01921,3,2,Search,0
U01922,2,2,Search,0
U01923,9,4,Wishlist,0
U01924,5,3,Notifications,0
U01925,3,3,Notifications,0
U01926,4,3,Advanced_Filter,0
U01927,2,2,Wishlist,0
U01929,6,5,Profile_Update,0
U01930,7,4,Notifications,0
U01931,4,2,Search,0
U01932,2,2,Search,0
U01933,8,4,Profile_Update,0
U01934,3,2,Search,0
U01935,10,5,Advanced_Filter,0
U01936,3,2,Wishlist,0
U01937,4,3,Advanced_Filter,0
U01938,8,5,Notifications,1
U01939,4,3,Notifications,0
U01940,5,3,Profile_Update,0
U01941,6,5,Notifications,0
U01942,4,2,Wishlist,0
U01943,9,4,Wishlist,0
U01944,1,1,Wishlist,0
U01945,1,1,Profile_Update,0
U01946,4,3,Advanced_Filter,0
U01947,2,2,Profile_Update,0
U01948,7,4,Advanced_Filter,0
U01949,7,4,Search,0
U01950,10,5,Search,0
U01951,3,3,Profile_Update,0
U01952,6,3,Search,0
U01953,3,3,Wishlist,0
U01954,7,4,Profile_Update,0
U01955,2,2,Wishlist,0
U01956,3,2,Search,0
U01957,7,4,Search,0
U01958,8,3,Profile_Update,1
U01959,7,4,Advanced_Filter,0
U01960,9,5,Advanced_Filter,0
U01961,6,4,Notifications,0
U01962,4,3,Advanced_Filter,0
U01963,7,5,Advanced_Filter,0
U01964,9,4,Search,0
U01965,2,1,Search,0
U01966,1,1,Wishlist,0
U01967,2,2,Notifications,0
U01968,9,5,Advanced_Filter,0
U01969,10,4,Advanced_Filter,0
U01970,2,2,Advanced_Filter,0
U01971,4,4,Wishlist,0
U01972,5,4,Notifications,0
U01973,4,3,Wishlist,0
U01974,7,5,Profile_Update,0
U01975,10,4,Notifications,0
U01976,1,1,Profile_Update,0
U01977,8,4,Notifications,0
U01978,2,1,Search,0
U01979,10,5,Wishlist,0
U01981,8,5,Profile_Update,0
U01982,2,2,Wishlist,0
U01983,5,4,Wishlist,0
U01985,8,4,Advanced_Filter,1
U01986,5,4,Search,0
U01987,6,2,Notifications,1
U01988,8,4,Advanced_Filter,0
U01990,3,2,Search,0
U01992,6,4,Advanced_Filter,0
U01994,4,2,Search,0
U01995,10,5,Advanced_Filter,1
U01996,8,4,Advanced_Filter,0
U01997,1,1,Search,0
U01999,6,3,Profile_Update,0
U02000,10,4,Notifications,0
